league,city,player_name,weekly_wage,yearly_salary,age,position,nationality
league-one,Barnsley,Slobodan Tedić,13000,676000,22,ST,Serbia
league-one,Barnsley,Herbie Kane,5200,270400,23,DM,England
league-one,Barnsley,Josh Benson,5100,265200,22,DM,England
league-one,Barnsley,Josh Martin,5100,265200,20,AM RLC,England
league-one,Barnsley,Jordan Williams,4100,213200,22,D RLC,England
league-one,Barnsley,Luca Connell,4000,208000,21,DM,Ireland
league-one,Barnsley,Nicky Cadden,3900,202800,25,D/WB/AM L,Scotland
league-one,Barnsley,Max Watters,3900,202800,23,ST,England
league-one,Barnsley,Tom Edwards,3600,187200,23,D RC,England
league-one,Barnsley,Adam Phillips,3500,182000,24,"DM, AM RC",England
league-one,Barnsley,Devante Cole,3400,176800,27,"AM RL, ST",England
league-one,Barnsley,Conor McCarthy,3400,176800,24,D C,Ireland
league-one,Barnsley,Jack Walton,3100,161200,24,GK,England
league-one,Barnsley,Jamie McCart,3100,161200,25,D C,Scotland
league-one,Barnsley,Liam Kitching,3000,156000,22,D LC,England
league-one,Barnsley,Robbie Cundy,2700,140400,25,D C,England
league-one,Barnsley,Jack Aitchison,2100,109200,22,"AM RLC, F C",Scotland
league-one,Barnsley,Matty Wolfe,1900,98800,22,DM,England
league-one,Barnsley,Mael de Gevigney,1900,98800,22,D C,France
league-one,Barnsley,Joe Ackroyd,610,31720,19,M C,England
league-one,Barnsley,Ziyad Larkeche,600,31200,19,D L,France
league-one,Barnsley,Aiden Marsh,600,31200,19,AM/F C,England
league-one,Barnsley,Charlie Winfield,580,30160,20,"D/WB L, M C",England
league-one,Barnsley,Jason Sraha,510,26520,19,D LC,England
league-one,Barnsley,Jordan Helliwell,510,26520,20,D/WB RL,England
league-one,Barnsley,Amir Ariely,500,26000,19,D C,Israel
league-one,Barnsley,Danny Benson,470,24440,18,D RC,England
league-one,Barnsley,Harrison Nejman,430,22360,18,AM RC,England
league-one,Barnsley,Tomas Kalinauskas,410,21320,22,AM RLC,Lithuania
league-one,Barnsley,Jack Butterfill,410,21320,18,ST,England
league-one,Barnsley,William Hondermarck,400,20800,21,"WB R, AM C",Ireland
league-one,Barnsley,Kieren Flavell,400,20800,18,GK,England
league-one,Barnsley,Keegan Hartley,400,20800,18,DM,England
league-one,Barnsley,Kareem Hassan-Smith,300,15600,19,D/WB/M R,England
league-one,Barnsley,Paul Cooper,300,15600,19,GK,England
league-one,Barnsley,Will Lancaster,280,14560,19,"D C, DM",England
league-one,Barnsley,Angus Chapman,230,11960,19,ST,Australia
league-one,Barnsley,Fábio Jaló,180,9360,16,"AM RL, ST",Portugal
league-one,Barnsley,Hayden Pickard,180,9360,16,D/WB/M L,England
league-one,Barnsley,Josiah Dyer,180,9360,17,ST,England
league-one,Barnsley,Joshua McKay,180,9360,17,D/WB/M R,England
league-one,Barnsley,Theo Chapman,180,9360,17,AM C,England
league-one,Barnsley,Matty Doyle,180,9360,17,D C,England
league-one,Barnsley,Rogan Ravenhill,180,9360,16,GK,England
league-one,Barnsley,Alex Joof,180,9360,17,D C,England
league-one,Barnsley,Luis Lacey,180,9360,17,D/WB L,England
league-one,Barnsley,Kynan Murchison,180,9360,17,D C,England
league-one,Barnsley,Charlie Hickingbottom,180,9360,17,M C,England
league-one,Barnsley,Jean Claude Makiessi,180,9360,17,M C,England
league-one,Barnsley,Alex Anaman,180,9360,17,ST,England
league-one,Barnsley,Mylan Benjamin,180,9360,17,"AM L, ST",England
league-one,Barnsley,Astin Brace,180,9360,16,D C,England
league-one,Barnsley,Vimal Yoganathan,180,9360,16,M C,Sri Lanka
league-one,Barnsley,Leo Farrell,180,9360,16,ST,England
league-one,Barnsley,Trent Carter-Rodgers,180,9360,16,GK,England
league-one,Barnsley,Luke Grimshaw,180,9360,16,D C,England
league-one,Barnsley,Jonathan Bland,180,9360,16,"D C, DM",England
league-one,Barnsley,Cole Hyde,180,9360,16,M C,England
league-one,Barnsley,Rafael Monteiro,180,9360,16,M C,Portugal
league-one,Barnsley,Emmaisa Nzondo,180,9360,16,ST,England
league-one,Blackpool,Ian Poveda,11000,572000,22,AM RL,England
league-one,Blackpool,Rhys Williams,10000,520000,21,D C,England
league-one,Blackpool,Callum Connolly,6400,332800,24,"D RC, DM",England
league-one,Blackpool,Gary Madine,6200,322400,31,ST,England
league-one,Blackpool,Jerry Yates,6100,317200,25,ST,England
league-one,Blackpool,Kevin Stewart,6000,312000,28,DM,England
league-one,Blackpool,Marvin Ekpiteta,5900,306800,26,D C,England
league-one,Blackpool,Callum Wright,5400,280800,22,AM RLC,England
league-one,Blackpool,Daniel Grimshaw,5400,280800,24,GK,England
league-one,Blackpool,Chris Maxwell,5400,280800,31,GK,Wales
league-one,Blackpool,Dominic Thompson,5400,280800,21,D/WB L,England
league-one,Blackpool,Jordan Gabriel,5100,265200,23,D/WB R,England
league-one,Blackpool,Lewis Fiorini,5000,260000,20,AM C,Scotland
league-one,Blackpool,Theo Corbeanu,4600,239200,20,"AM RL, ST",Canada
league-one,Blackpool,Charlie Patino,4400,228800,18,DM,England
league-one,Blackpool,James Husband,4100,213200,28,D LC,England
league-one,Blackpool,Jordan Thorniley,4100,213200,25,D C,England
league-one,Blackpool,Jake Beesley,4100,213200,25,ST,England
league-one,Blackpool,Kenny Dougall,4000,208000,29,DM,Australia
league-one,Blackpool,Liam Bridcutt,4000,208000,33,DM,Scotland
league-one,Blackpool,Luke Garbutt,4000,208000,29,D/WB L,England
league-one,Blackpool,CJ Hamilton,3400,176800,27,AM RL,England
league-one,Blackpool,Keshi Anderson,3000,156000,27,AM LC,England
league-one,Blackpool,Albie Morgan,2500,130000,22,AM C,England
league-one,Blackpool,Shayne Lavery,1600,83200,23,"AM L, ST",N.Ireland
league-one,Blackpool,Sonny Carey,1600,83200,21,AM C,England
league-one,Blackpool,Zak Emmerson,1000,52000,17,ST,England
league-one,Blackpool,Owen Moffat,800,41600,20,"AM L, ST",Scotland
league-one,Blackpool,Karamoko Dembélé,760,39520,19,AM RL,England
league-one,Blackpool,Richard O'Donnell,700,36400,33,GK,England
league-one,Blackpool,Stuart Moore,600,31200,27,GK,England
league-one,Blackpool,Donovan Lescott,520,27040,18,"AM RL, ST",England
league-one,Blackpool,Jack Moore,510,26520,18,D/WB R,England
league-one,Blackpool,Alex Lankshear,500,26000,19,"D L, M C",England
league-one,Blackpool,Jake Daniels,410,21320,17,ST,England
league-one,Blackpool,Luke Mariette,390,20280,18,M C,Wales
league-one,Blackpool,Brad Holmes,390,20280,19,ST,England
league-one,Blackpool,Harvey Hughes,380,19760,18,D LC,England
league-one,Blackpool,Tayt Trusty,310,16120,18,AM LC,England
league-one,Blackpool,Joseph Strawn,310,16120,18,M C,England
league-one,Blackpool,Will Squires,280,14560,18,D C,England
league-one,Blackpool,Kwaku Donkor,180,9360,17,D/WB R,Ghana
league-one,Blackpool,Dannen Francis,180,9360,18,AM R,England
league-one,Blackpool,Tyler Hill,180,9360,16,D LC,England
league-one,Blackpool,Archie Cunningham,180,9360,17,GK,England
league-one,Blackpool,Kobe Sinclair,180,9360,17,AM C,England
league-one,Blackpool,Josh Nyame,180,9360,17,"D C, DM",England
league-one,Blackpool,Ezra Emina,180,9360,16,WB L,England
league-one,Blackpool,Johnson Opawole,180,9360,16,D C,England
league-one,Blackpool,Taylor Bowen,180,9360,16,ST,England
league-one,Blackpool,Luke Byron,180,9360,17,M C,England
league-one,Blackpool,Zak Littler,180,9360,17,M C,England
league-one,Blackpool,Matteo Spinelli,180,9360,16,GK,England
league-one,Blackpool,Toby Oliver,180,9360,16,AM L,England
league-one,Blackpool,Bobby Bjork,180,9360,17,D/WB R,England
league-one,Blackpool,Kron Abdiu,180,9360,17,"DM, M RC",Kosovo
league-one,Blackpool,Luke Findlow,180,9360,16,D LC,England
league-one,Blackpool,Danai Hassan,180,9360,16,ST,England
league-one,Blackpool,Josh King-Phillips,180,9360,16,AM L,England
league-one,Bolton Wanderers,James Trafford,8100,421200,19,GK,England
league-one,Bolton Wanderers,Jón Daði Böðvarsson,5100,265200,30,"AM RL, ST",Iceland
league-one,Bolton Wanderers,Declan John,4400,228800,27,D/WB L,Wales
league-one,Bolton Wanderers,Kieran Sadlier,4000,208000,27,AM RL,Ireland
league-one,Bolton Wanderers,Kyle Dempsey,4000,208000,26,AM C,England
league-one,Bolton Wanderers,Amadou Bakayoko,3500,182000,26,ST,Sierra Leone
league-one,Bolton Wanderers,Aaron Morley,3500,182000,22,DM,England
league-one,Bolton Wanderers,Conor Bradley,3400,176800,19,D/WB/M R,N.Ireland
league-one,Bolton Wanderers,Dapo Afolayan,3400,176800,24,AM L,England
league-one,Bolton Wanderers,Dion Charles,3400,176800,26,ST,N.Ireland
league-one,Bolton Wanderers,Gethin Jones,3200,166400,26,D RC,Wales
league-one,Bolton Wanderers,George Johnston,3200,166400,23,D C,Scotland
league-one,Bolton Wanderers,Josh Sheehan,3100,161200,27,DM,Wales
league-one,Bolton Wanderers,Jack Iredale,3100,161200,26,D LC,Scotland
league-one,Bolton Wanderers,Kieran Lee,3000,156000,34,M C,England
league-one,Bolton Wanderers,Owen Beck,2800,145600,19,D/WB/M L,Wales
league-one,Bolton Wanderers,Ricardo Santos,2700,140400,27,D C,Portugal
league-one,Bolton Wanderers,Eoin Toal,2300,119600,23,D C,N.Ireland
league-one,Bolton Wanderers,George Thomason,2200,114400,21,DM,England
league-one,Bolton Wanderers,Joel Dixon,2100,109200,28,GK,England
league-one,Bolton Wanderers,Lloyd Isgrove,2000,104000,29,AM RL,Wales
league-one,Bolton Wanderers,Andrew Tutte,1500,78000,31,DM,England
league-one,Bolton Wanderers,Will Aimson,1400,72800,28,D C,Wales
league-one,Bolton Wanderers,Adam Senior,950,49400,20,D RC,England
league-one,Bolton Wanderers,Gerald Sithole,840,43680,19,"AM RL, ST",England
league-one,Bolton Wanderers,Connor Stanley,580,30160,20,AM RL,England
league-one,Bolton Wanderers,Conor Carty,580,30160,20,ST,Ireland
league-one,Bolton Wanderers,Eric Yoro,560,29120,18,D C,Ireland
league-one,Bolton Wanderers,Finlay Lockett,550,28600,19,AM RL,England
league-one,Bolton Wanderers,Lynford Sackey,490,25480,19,WB/AM R,England
league-one,Bolton Wanderers,Luke Hutchinson,490,25480,19,GK,England
league-one,Bolton Wanderers,Matty Grivosti,480,24960,19,"AM RL, ST",England
league-one,Bolton Wanderers,Nelson Khumbeni,470,24440,19,DM,England
league-one,Bolton Wanderers,Will Forrester,400,20800,21,D C,England
league-one,Bolton Wanderers,Arran Pettifer,250,13000,18,M C,England
league-one,Bolton Wanderers,Matthew Tweedley,250,13000,18,DM,England
league-one,Bolton Wanderers,Lamine Toure,250,13000,18,D C,England
league-one,Bolton Wanderers,Ellis Litherland,250,13000,18,GK,England
league-one,Bolton Wanderers,Max Conway,250,13000,18,M RC,England
league-one,Bolton Wanderers,Rio McEvoy,180,9360,17,ST,England
league-one,Bolton Wanderers,Wesley Frimpong,180,9360,17,D/WB R,England
league-one,Bolton Wanderers,Noah Halford,180,9360,17,D C,England
league-one,Bolton Wanderers,Adam Beardsworth,180,9360,17,D C,England
league-one,Bolton Wanderers,Abdul Kamara,180,9360,16,D C,England
league-one,Bolton Wanderers,Joel Burgess,180,9360,17,M C,England
league-one,Bolton Wanderers,Sonny Sharples-Ahmed,180,9360,17,DM,England
league-one,Bolton Wanderers,Danny Jones,180,9360,17,AM R,Wales
league-one,Bolton Wanderers,Jack Dallimore,180,9360,16,GK,England
league-one,Bolton Wanderers,Harrison Fleury,180,9360,16,AM RL,England
league-one,Bolton Wanderers,Leo Graham,180,9360,16,AM C,England
league-one,Bolton Wanderers,Sean Hogan,180,9360,16,D C,England
league-one,Bolton Wanderers,Sam Inwood,180,9360,16,D/WB L,England
league-one,Bolton Wanderers,Gio Loureiro,180,9360,16,AM C,Portugal
league-one,Bolton Wanderers,Anthony Pinto,180,9360,16,AM R,Wales
league-one,Bolton Wanderers,Yestin Shakespear,180,9360,16,ST,England
league-one,Bolton Wanderers,Joseph Toole,180,9360,15,D RLC,England
league-one,Bolton Wanderers,James Westwood,180,9360,16,AM R,England
league-one,Bristol Rovers,Lewis Gibson,7000,364000,21,D C,England
league-one,Bristol Rovers,Matthew Cox,6900,358800,19,GK,England
league-one,Bristol Rovers,Connor Taylor,4400,228800,20,D C,England
league-one,Bristol Rovers,John Marquis,4100,213200,30,AM/F C,England
league-one,Bristol Rovers,James Wilson,4100,213200,33,D RC,Wales
league-one,Bristol Rovers,Sam Finley,3600,187200,29,DM,England
league-one,Bristol Rovers,Aaron Collins,3500,182000,25,"AM RLC, F C",Wales
league-one,Bristol Rovers,Antony Evans,3500,182000,23,AM RC,England
league-one,Bristol Rovers,Josh Coburn,3100,161200,19,ST,England
league-one,Bristol Rovers,Jordan Rossiter,3100,161200,25,DM,England
league-one,Bristol Rovers,Luke McCormick,3000,156000,23,AM C,England
league-one,Bristol Rovers,Zain Westbrooke,3000,156000,25,AM C,England
league-one,Bristol Rovers,Paul Coutts,2800,145600,33,DM,Scotland
league-one,Bristol Rovers,Sylvester Jasper,2600,135200,20,AM RL,England
league-one,Bristol Rovers,Anssi Jaakkola,2500,130000,35,GK,Finland
league-one,Bristol Rovers,Alfie Kilgour,2500,130000,24,D C,England
league-one,Bristol Rovers,Alex Rodman,2500,130000,35,"WB R, AM RLC",England
league-one,Bristol Rovers,Harvey Saunders,2200,114400,24,"AM L, ST",England
league-one,Bristol Rovers,Glenn Whelan,2200,114400,38,DM,Ireland
league-one,Bristol Rovers,James Belshaw,2100,109200,31,GK,England
league-one,Bristol Rovers,James Gibbons,2100,109200,24,D/WB RL,England
league-one,Bristol Rovers,Josh Grant,2100,109200,23,"D C, DM",England
league-one,Bristol Rovers,James Connolly,2100,109200,20,D RC,Wales
league-one,Bristol Rovers,Jevani Brown,2100,109200,27,AM/F C,Jamaica
league-one,Bristol Rovers,Nick Anderton,1900,98800,26,D LC,England
league-one,Bristol Rovers,Ryan Loft,1700,88400,24,ST,England
league-one,Bristol Rovers,Trevor Clarke,1600,83200,24,D/WB/M L,Ireland
league-one,Bristol Rovers,Lewis Gordon,1000,52000,21,D/WB L,England
league-one,Bristol Rovers,Luca Hoole,1000,52000,20,D RC,Wales
league-one,Bristol Rovers,Bobby Thomas,790,41080,21,D C,England
league-one,Bristol Rovers,Jamie Egan,360,18720,19,D C,Wales
league-one,Bristol Rovers,Jerry Lawrence,360,18720,17,DM,England
league-one,Bristol Rovers,Ryan Jones,280,14560,20,"D/WB L, M LC",England
league-one,Bristol Rovers,Sam Heal,270,14040,19,D/WB L,England
league-one,Bristol Rovers,Jamarni Langlais,180,9360,16,"AM L, ST",England
league-one,Bristol Rovers,Lene Burden,180,9360,17,AM C,England
league-one,Bristol Rovers,Max Edwards-Stryjewski,180,9360,16,AM C,Wales
league-one,Bristol Rovers,Josiah McKayle,180,9360,16,ST,England
league-one,Bristol Rovers,Lucas Vaughan,180,9360,17,AM RL,Wales
league-one,Bristol Rovers,Jaheim Allen,180,9360,17,AM RL,England
league-one,Bristol Rovers,Malik Sesay,180,9360,17,D C,England
league-one,Bristol Rovers,Lewis Pinchard,180,9360,16,M C,Wales
league-one,Bristol Rovers,Dante McEwan,180,9360,16,"AM L, ST",England
league-one,Bristol Rovers,Theo Lynden,180,9360,16,DM,England
league-one,Bristol Rovers,Ross Mason,180,9360,16,GK,England
league-one,Bristol Rovers,Oscar Bridgman,180,9360,16,"AM R, ST",England
league-one,Bristol Rovers,Harry Coker,180,9360,16,DM,England
league-one,Bristol Rovers,Will Larvin,180,9360,16,D RC,England
league-one,Bristol Rovers,Charlie Perkins,180,9360,16,D C,England
league-one,Bristol Rovers,Charlie White,180,9360,16,D LC,England
league-one,Bristol Rovers,Ollie Phillips,180,9360,16,GK,England
league-one,Burton Albion,Mason Bennett,4900,254800,25,"AM RLC, F C",England
league-one,Burton Albion,Viljami Sinisalo,4500,234000,20,GK,Finland
league-one,Burton Albion,Davis Keillor-Dunn,4400,228800,24,AM RL,England
league-one,Burton Albion,Deji Oshilaja,3400,176800,29,"D C, DM",England
league-one,Burton Albion,John Brayford,3100,161200,34,D RC,England
league-one,Burton Albion,Joe Powell,3100,161200,23,AM C,England
league-one,Burton Albion,Michael Mancienne,2900,150800,34,"D C, DM",England
league-one,Burton Albion,Sam Hughes,2600,135200,25,D C,England
league-one,Burton Albion,Tyler Onyango,2600,135200,19,M C,England
league-one,Burton Albion,Adrian Mariappa,2500,130000,35,D RC,Jamaica
league-one,Burton Albion,Ben Garratt,2500,130000,28,GK,England
league-one,Burton Albion,Calum Butcher,2400,124800,31,"D C, DM",England
league-one,Burton Albion,Cole Stockton,2400,124800,28,ST,England
league-one,Burton Albion,Kwadwo Baah,2000,104000,19,"AM RL, ST",Germany
league-one,Burton Albion,Tom Hamer,1600,83200,22,D/WB RL,England
league-one,Burton Albion,Sam Winnall,1600,83200,31,ST,England
league-one,Burton Albion,Victor Adeboyejo,1500,78000,24,ST,Nigeria
league-one,Burton Albion,Charlie Lakin,1400,72800,23,AM LC,England
league-one,Burton Albion,Corrie Ndaba,1400,72800,22,D LC,Ireland
league-one,Burton Albion,Ciaran Gilligan,1400,72800,20,M C,England
league-one,Burton Albion,Elliot Thorpe,1300,67600,21,AM C,Wales
league-one,Burton Albion,Josh Gordon,910,47320,27,ST,England
league-one,Burton Albion,Mustapha Carayol,900,46800,33,AM RL,The Gambia
league-one,Burton Albion,Bobby Kamwa,890,46280,22,M RC,England
league-one,Burton Albion,Jake Kean,710,36920,31,GK,England
league-one,Burton Albion,Max Crocombe,680,35360,28,GK,New Zealand
league-one,Burton Albion,Charlie Williams,580,30160,18,AM C,England
league-one,Burton Albion,Ben Radcliffe,440,22880,18,"D C, DM",England
league-one,Burton Albion,Tom Hewlett,410,21320,20,ST,England
league-one,Burton Albion,Will Kokolo,400,20800,22,D/WB/M L,France
league-one,Burton Albion,Jakub Niemczyk,360,18720,18,"AM RL, ST",Poland
league-one,Burton Albion,Jake Laban,180,9360,17,GK,England
league-one,Burton Albion,Finn Delap,180,9360,17,D RL,England
league-one,Burton Albion,Ben Maginness,180,9360,17,D C,England
league-one,Burton Albion,Drew Robinson,180,9360,16,D RC,England
league-one,Burton Albion,Oakley Hazell,180,9360,17,M C,England
league-one,Burton Albion,Joe Nyahwema,180,9360,17,AM RL,England
league-one,Burton Albion,John-Joseph Power,180,9360,17,DM,Ireland
league-one,Burton Albion,Tristan Bennett,180,9360,17,AM RLC,England
league-one,Burton Albion,Cassiun Langfield,180,9360,16,ST,England
league-one,Burton Albion,Kamil Dudek,180,9360,16,GK,Poland
league-one,Burton Albion,Cameron Gilbert,180,9360,16,D RC,England
league-one,Burton Albion,Toby Oakes,180,9360,16,D C,England
league-one,Burton Albion,Johnny Rush,180,9360,16,D/WB L,England
league-one,Burton Albion,William Tamen,180,9360,16,D C,England
league-one,Burton Albion,Charlie Knowles,180,9360,16,AM C,England
league-one,Burton Albion,Connor Pace,180,9360,16,DM,England
league-one,Burton Albion,Ronny Wakelin,180,9360,16,DM,England
league-one,Burton Albion,William Ademiluyi,180,9360,16,"AM R, ST",England
league-one,Burton Albion,Kiyan Baker-McKay,180,9360,16,AM RL,England
league-one,Burton Albion,Che Ranger,180,9360,16,AM R,England
league-one,Burton Albion,Dylan Scott,180,9360,17,ST,England
league-one,Cambridge United,Elias Kachunga,4300,223600,30,AM RL,Germany
league-one,Cambridge United,Gassan Ahadme,4200,218400,21,ST,Spain
league-one,Cambridge United,Jordan Cousins,4100,213200,28,"DM, M RC",England
league-one,Cambridge United,Adam May,2500,130000,24,"DM, AM C",England
league-one,Cambridge United,Brandon Haunstrup,2500,130000,25,D RL,England
league-one,Cambridge United,Danny Andrew,2400,124800,31,D LC,England
league-one,Cambridge United,Fejiri Okenabirhie,2300,119600,26,"AM L, ST",England
league-one,Cambridge United,Greg Taylor,2200,114400,32,D LC,England
league-one,Cambridge United,Jubril Okedina,2100,109200,21,D RC,England
league-one,Cambridge United,Jack Lankester,2100,109200,22,AM RLC,England
league-one,Cambridge United,Zeno Ibsen Rossi,2000,104000,21,D C,England
league-one,Cambridge United,Liam O'Neil,2000,104000,28,"DM, M RC",England
league-one,Cambridge United,Harrison Dunk,1200,62400,31,D/WB/M L,England
league-one,Cambridge United,James Brophy,1100,57200,27,D/WB/AM L,England
league-one,Cambridge United,Paul Digby,800,41600,27,"D C, DM",England
league-one,Cambridge United,James Holden,760,39520,20,GK,England
league-one,Cambridge United,Ben Worman,690,35880,20,AM C,England
league-one,Cambridge United,Glenn McConnell,640,33280,17,"AM RC, F C",England
league-one,Cambridge United,Saikou Janneh,600,31200,22,"AM RL, ST",The Gambia
league-one,Cambridge United,Lewis Simper,590,30680,20,DM,England
league-one,Cambridge United,Harvey Beckett,580,30160,18,D C,England
league-one,Cambridge United,Saleem Akanbi,470,24440,18,"AM RL, ST",England
league-one,Cambridge United,Will Mannion,400,20800,24,GK,England
league-one,Cambridge United,Mamadou Jobe,380,19760,18,D C,England
league-one,Cambridge United,Louis Chadwick,260,13520,19,GK,England
league-one,Cambridge United,Charlie Stallard,250,13000,18,D C,England
league-one,Cambridge United,Greg Sandiford,180,9360,17,D R,England
league-one,Cambridge United,Jaydyn Lott,180,9360,17,D RC,England
league-one,Cambridge United,Oscar Winterbone,180,9360,17,D C,England
league-one,Cambridge United,Tom Finch,180,9360,17,GK,England
league-one,Cambridge United,Dan Barton,180,9360,17,AM L,England
league-one,Cambridge United,Faruq Usman,180,9360,17,ST,England
league-one,Carlisle United,Sean Maguire,4600,239200,28,CF,Ireland
league-one,Carlisle United,Sam Lavelle,3600,187200,25,D C,Scotland
league-one,Carlisle United,Callum Guy,2400,124800,25,DM,England
league-one,Carlisle United,Jon Mellish,2100,109200,24,AM C,England
league-one,Carlisle United,Jökull Andrésson,2100,109200,20,GK,Iceland
league-one,Carlisle United,Paul Huntington,1800,93600,34,D C,England
league-one,Carlisle United,Ryan Edmondson,1700,88400,21,ST,England
league-one,Carlisle United,Tomáš Holý,1600,83200,30,GK,Czech Republic
league-one,Carlisle United,Ben Barclay,1500,78000,25,"D C, DM",England
league-one,Carlisle United,Corey Whelan,1400,72800,24,D RC,Ireland
league-one,Carlisle United,Duncan Idehen,1400,72800,20,D C,England
league-one,Carlisle United,Jayden Harris,1100,57200,22,DM,England
league-one,Carlisle United,Jordan Gibson,910,47320,24,AM RC,England
league-one,Carlisle United,Jack Armer,910,47320,21,D/WB RL,Scotland
league-one,Carlisle United,Sonny Hilton,820,42640,21,AM RC,England
league-one,Carlisle United,Tobi Sho-Silva,810,42120,27,ST,England
league-one,Carlisle United,Fin Back,800,41600,19,D RC,England
league-one,Carlisle United,Jack Stretton,760,39520,20,"AM RL, ST",Scotland
league-one,Carlisle United,Owen Moxon,710,36920,24,DM,England
league-one,Carlisle United,Jamie Devitt,710,36920,32,AM RLC,Ireland
league-one,Carlisle United,Taylor Charters,710,36920,20,AM LC,England
league-one,Carlisle United,Josh Dixon,710,36920,21,AM C,England
league-one,Carlisle United,Michael Kelly,580,30160,25,GK,Ireland
league-one,Carlisle United,Gabriel Breeze,440,22880,18,GK,England
league-one,Carlisle United,Jack Ellis,410,21320,18,D RC,England
league-one,Carlisle United,Scott Simons,320,16640,18,GK,England
league-one,Carlisle United,Ryan Carr,180,9360,17,"D C, M C",England
league-one,Carlisle United,Lewis Boyd,180,9360,17,GK,England
league-one,Carlisle United,Harvey Gordon,180,9360,17,D C,England
league-one,Carlisle United,Matt Bell,180,9360,17,AM L,England
league-one,Carlisle United,Alex Potts,180,9360,17,"D R, M C",England
league-one,Carlisle United,Nic Bollado,180,9360,17,ST,England
league-one,Carlisle United,Mason Hardy,180,9360,17,ST,England
league-one,Carlisle United,Kai Nugent,180,9360,17,M LC,England
league-one,Carlisle United,Dan Hill,180,9360,17,"D C, M C",England
league-one,Carlisle United,Robbie Swinburn,180,9360,16,AM/F C,England
league-one,Carlisle United,Will Maddison,180,9360,16,D/WB/M L,England
league-one,Carlisle United,Jake Allan,180,9360,16,"AM RC, F C",England
league-one,Carlisle United,Jacob Barry,180,9360,16,GK,England
league-one,Carlisle United,Aran Fitzpatrick,180,9360,16,D/WB R,England
league-one,Carlisle United,Josh O'Brien,180,9360,16,D/WB/M L,England
league-one,Carlisle United,Sam Hetherington,180,9360,16,ST,England
league-one,Carlisle United,Romeo Park,180,9360,16,AM/F C,England
league-one,Carlisle United,James Walsh,180,9360,16,D/WB L,England
league-one,Charlton Athletic,Scott Fraser,7600,395200,27,AM C,Scotland
league-one,Charlton Athletic,Chuks Aneke,6400,332800,29,AM/F C,England
league-one,Charlton Athletic,Jesurun Rak-Sakyi,6100,317200,19,AM RL,England
league-one,Charlton Athletic,Jayden Stockley,6100,317200,28,ST,England
league-one,Charlton Athletic,Panutche Camará,5800,301600,25,M C,Guinea-Bissau
league-one,Charlton Athletic,Charlie Kirk,5400,280800,24,AM RL,England
league-one,Charlton Athletic,George Dobson,5200,270400,24,DM,England
league-one,Charlton Athletic,Jack Payne,5100,265200,27,AM RLC,England
league-one,Charlton Athletic,Steven Sessegnon,4600,239200,22,D RC,England
league-one,Charlton Athletic,Tayo Edun,4600,239200,24,"D/WB L, DM",England
league-one,Charlton Athletic,Conor McGrandles,4400,228800,26,DM,Scotland
league-one,Charlton Athletic,Eoghan O'Connell,4300,223600,26,"D C, DM",Ireland
league-one,Charlton Athletic,Craig MacGillivray,3400,176800,29,GK,Scotland
league-one,Charlton Athletic,Jake Forster-Caskey,3100,161200,28,DM,England
league-one,Charlton Athletic,Alfie May,2500,130000,29,AM/F C,England
league-one,Charlton Athletic,Corey Blackett-Taylor,2400,124800,24,AM RL,England
league-one,Charlton Athletic,Diallang Jaiyesimi,2400,124800,24,AM RLC,England
league-one,Charlton Athletic,Harry Isted,2200,114400,25,GK,England
league-one,Charlton Athletic,Lloyd Jones,2000,104000,26,D C,England
league-one,Charlton Athletic,Terell Thomas,1600,83200,26,D C,St Lucia
league-one,Charlton Athletic,Charles Clayden,680,35360,21,WB/AM L,England
league-one,Charlton Athletic,Terry Taylor,600,31200,21,DM,Scotland
league-one,Charlton Athletic,Miles Leaburn,580,30160,18,ST,England
league-one,Charlton Athletic,Lucas Ness,490,25480,20,D C,England
league-one,Charlton Athletic,Naz Bakrin,470,24440,19,D C,England
league-one,Charlton Athletic,Euan Williams,460,23920,19,AM C,N.Ireland
league-one,Charlton Athletic,Zach Mitchell,450,23400,17,"D C, DM",England
league-one,Charlton Athletic,Billy French,440,22880,20,D C,England
league-one,Charlton Athletic,Daniel Kanu,420,21840,17,ST,England
league-one,Charlton Athletic,Tyreece Campbell,410,21320,18,"AM R, ST",England
league-one,Charlton Athletic,Karoy Anderson,400,20800,17,DM,England
league-one,Charlton Athletic,Nathan Harvey,370,19240,20,GK,England
league-one,Charlton Athletic,Jason Adigun,360,18720,18,AM C,England
league-one,Charlton Athletic,Jeremy Santos,360,18720,19,"AM RLC, F C",England
league-one,Charlton Athletic,Jacob Roddy,360,18720,19,D L,England
league-one,Charlton Athletic,Matthew Dench,330,17160,18,AM C,Australia
league-one,Charlton Athletic,Mack Reilly,330,17160,18,ST,England
league-one,Charlton Athletic,Richard Chin,280,14560,19,D/WB RL,England
league-one,Charlton Athletic,Ryan Huke,280,14560,17,AM R,England
league-one,Charlton Athletic,Ryan Viggars,280,14560,19,ST,Wales
league-one,Charlton Athletic,Samuel Oguntayo,270,14040,19,D/AM L,Nigeria
league-one,Charlton Athletic,Seydil Touré,270,14040,18,D C,Senegal
league-one,Charlton Athletic,Tolu Ladapo,260,13520,18,"AM RL, ST",England
league-one,Charlton Athletic,Ahmed Kone,180,9360,17,GK,Ivory Coast
league-one,Charlton Athletic,Harvey Kedwell,180,9360,17,AM R,England
league-one,Charlton Athletic,Chibike Okechukwu,180,9360,17,"AM L, ST",Nigeria
league-one,Charlton Athletic,Toby Bower,180,9360,17,D L,England
league-one,Charlton Athletic,Ollie Hobden,180,9360,17,D R,England
league-one,Charlton Athletic,Sahid Kamara,180,9360,18,M C,England
league-one,Charlton Athletic,Nathan Asiimwe,180,9360,17,D RL,England
league-one,Charlton Athletic,Kai Enslin,180,9360,16,DM,England
league-one,Charlton Athletic,Keenan Gough,180,9360,16,DM,England
league-one,Charlton Athletic,Brook Myers,180,9360,16,M R,England
league-one,Charlton Athletic,Mikey Berry,180,9360,16,AM LC,England
league-one,Charlton Athletic,Jadon Yamoah,180,9360,16,D C,England
league-one,Charlton Athletic,Ralfi Hand,180,9360,17,D C,England
league-one,Charlton Athletic,Henry Rylah,180,9360,16,M C,England
league-one,Charlton Athletic,Mason Hunter,180,9360,16,WB L,England
league-one,Charlton Athletic,David Danso,180,9360,16,D/WB L,Ghana
league-one,Charlton Athletic,Harmony Okwumo,180,9360,16,D C,Germany
league-one,Charlton Athletic,Josh Laqeretabua,180,9360,16,D/WB L,England
league-one,Charlton Athletic,James Batt,180,9360,16,GK,England
league-one,Charlton Athletic,Henry Molyneux,180,9360,17,GK,Ireland
league-one,Charlton Athletic,Patrick Casey,180,9360,16,ST,Ireland
league-one,Cheltenham Town,Curtis Davies,7400,384800,37,D C,England
league-one,Cheltenham Town,Dan Nlundulu,6400,332800,23,"AM L, ST",England
league-one,Cheltenham Town,Curtis Thompson,3400,176800,28,DM,England
league-one,Cheltenham Town,Ben Williams,2500,130000,23,D/WB L,Wales
league-one,Cheltenham Town,Daniel Adshead,2400,124800,20,M C,England
league-one,Cheltenham Town,Elliot Bonds,2300,119600,22,DM,Guyana
league-one,Cheltenham Town,Liam Sercombe,2000,104000,32,M C,England
league-one,Cheltenham Town,Sean Long,1600,83200,27,D RC,Ireland
league-one,Cheltenham Town,Taylor Perry,1600,83200,20,"DM, AM C",England
league-one,Cheltenham Town,Caleb Taylor,1400,72800,19,D C,England
league-one,Cheltenham Town,Will Ferry,1400,72800,21,D/WB/AM L,Ireland
league-one,Cheltenham Town,Ellis Chapman,1300,67600,21,DM,England
league-one,Cheltenham Town,James Olayinka,1100,57200,21,AM C,England
league-one,Cheltenham Town,Luke Southwood,1000,52000,24,GK,N.Ireland
league-one,Cheltenham Town,Lewis Freestone,890,46280,22,D LC,England
league-one,Cheltenham Town,Christian Norton,880,45760,21,ST,Wales
league-one,Cheltenham Town,Reece Hutchinson,830,43160,22,D/WB L,England
league-one,Cheltenham Town,George Lloyd,740,38480,22,ST,England
league-one,Cheltenham Town,Dylan Barkers,620,32240,22,DM,England
league-one,Cheltenham Town,Shaun MacDonald,600,31200,25,GK,England
league-one,Cheltenham Town,Tom Bradbury,600,31200,24,D LC,England
league-one,Cheltenham Town,Grant Horton,540,28080,20,D RC,England
league-one,Cheltenham Town,James Taylor,460,23920,20,M C,England
league-one,Cheltenham Town,Adulai Sambu,180,9360,18,"WB R, M C",England
league-one,Cheltenham Town,Ben Hoy,180,9360,17,GK,England
league-one,Cheltenham Town,Alfie Pledger,180,9360,17,D C,England
league-one,Cheltenham Town,Tom Spencer,180,9360,17,D C,England
league-one,Cheltenham Town,Alfie Taylor,180,9360,17,M C,England
league-one,Cheltenham Town,Rio Spencer,180,9360,17,ST,England
league-one,Cheltenham Town,Jay Simpson,180,9360,17,ST,England
league-one,Cheltenham Town,Fin Jenner,180,9360,17,ST,England
league-one,Cheltenham Town,Archie Burford,180,9360,16,GK,England
league-one,Cheltenham Town,Alex Wilkie,180,9360,16,D C,England
league-one,Cheltenham Town,Eddie Lewis,180,9360,16,WB L,England
league-one,Cheltenham Town,David Romer,180,9360,16,D C,England
league-one,Cheltenham Town,Brandon Liggett,180,9360,16,M C,England
league-one,Cheltenham Town,Freddy Wilcox,180,9360,16,M C,England
league-one,Cheltenham Town,Dan-Lewis Bamana,180,9360,16,ST,England
league-one,Cheltenham Town,Zac Guinan,140,7280,18,ST,England
league-one,Derby County,Conor Hourihane,12000,624000,31,DM,Ireland
league-one,Derby County,James Collins,8100,421200,31,ST,Ireland
league-one,Derby County,Louie Sibley,8000,416000,20,AM C,England
league-one,Derby County,Max Bird,7900,410800,21,DM,England
league-one,Derby County,Martyn Waghorn,7900,410800,32,"AM RL, ST",England
league-one,Derby County,Tom Barkhuizen,7600,395200,29,"WB L, AM RLC, F C",England
league-one,Derby County,Craig Forsyth,7400,384800,33,D LC,Scotland
league-one,Derby County,Korey Smith,7000,364000,31,"DM, AM C",England
league-one,Derby County,Lewis Dobbin,7000,364000,19,"AM RLC, F C",England
league-one,Derby County,James Chester,6100,317200,33,D C,Wales
league-one,Derby County,Haydon Roberts,5200,270400,20,D LC,England
league-one,Derby County,Joe Wildsmith,5100,265200,26,GK,England
league-one,Derby County,Joe Ward,5100,265200,26,WB/AM R,England
league-one,Derby County,Kane Wilson,5000,260000,22,D/WB R,England
league-one,Derby County,Nathaniel Mendez-Laing,4900,254800,30,"WB R, AM RL",England
league-one,Derby County,Richard Stearman,4700,244400,34,D C,England
league-one,Derby County,Conor Washington,4400,228800,30,"AM RL, ST",N.Ireland
league-one,Derby County,Joe Haigh,4100,213200,19,AM RLC,England
league-one,Derby County,Sonny Bradley,3600,187200,30,D C,England
league-one,Derby County,Eiran Cashin,3300,171600,20,D C,England
league-one,Derby County,Liam Thompson,3000,156000,20,DM,England
league-one,Derby County,Scott Loach,2600,135200,34,GK,England
league-one,Derby County,George Nunn,2200,114400,20,"WB L, AM RL, ST",Ireland
league-one,Derby County,Connor Dixon,1400,72800,21,AM RC,England
league-one,Derby County,Harrison Foulkes,1200,62400,21,GK,England
league-one,Derby County,Harry Evans,1200,62400,17,GK,England
league-one,Derby County,Joseph Anang,1100,57200,22,GK,England
league-one,Derby County,Alfie Roberts,850,44200,18,GK,England
league-one,Derby County,Bartosz Cybulski,840,43680,19,ST,Poland
league-one,Derby County,Cian Kelly Caprani,830,43160,18,"D/WB L, AM RL, ST",Ireland
league-one,Derby County,Courtney Clarke,830,43160,18,DM,England
league-one,Derby County,Harrison Solomon,780,40560,19,D C,England
league-one,Derby County,Jake Rooney,760,39520,18,"D C, DM",England
league-one,Derby County,Max Bardell,730,37960,19,D RC,England
league-one,Derby County,Osazee Aghatise,710,36920,19,AM RLC,Nigeria
league-one,Derby County,Rhys Brailsford,680,35360,18,D/WB/AM R,England
league-one,Derby County,Leigh Kavanagh,590,30680,18,D C,Ireland
league-one,Derby County,Sonny Lo-Everton,570,29640,19,AM RL,Scotland
league-one,Derby County,Darren Robinson,570,29640,17,DM,N.Ireland
league-one,Derby County,Demico Burton,570,29640,18,D L,England
league-one,Derby County,Jack Bates,510,26520,18,DM,England
league-one,Derby County,Olamide Ibrahim,460,23920,18,AM C,Ireland
league-one,Derby County,Will Grewal-Pollard,380,19760,19,D LC,England
league-one,Derby County,William Osula,280,14560,18,ST,Denmark
league-one,Derby County,Carlos Richards,180,9360,17,"AM R, ST",England
league-one,Derby County,Jaydan Davidson,180,9360,16,AM RL,England
league-one,Derby County,Harry Hawkins,180,9360,16,"DM, AM C",England
league-one,Derby County,Reece Nicholas-Davies,180,9360,17,AM RL,England
league-one,Derby County,Cameron Ashia,180,9360,16,"DM, AM C",England
league-one,Derby County,Adebayo Fapetu,180,9360,17,DM,England
league-one,Derby County,Nelson Aideyan,180,9360,17,D C,England
league-one,Derby County,Sam Sebagabo,180,9360,17,"DM, AM C",Holland
league-one,Derby County,Callum Moore,180,9360,17,WB/AM R,England
league-one,Derby County,Keilen Robinson,180,9360,16,D LC,England
league-one,Derby County,Daniel Cox,180,9360,16,D C,Wales
league-one,Derby County,Lennon Wheeldon,180,9360,16,ST,England
league-one,Derby County,Billy Gough,180,9360,16,D/WB L,England
league-one,Derby County,Jack Perry,180,9360,16,D/WB R,England
league-one,Derby County,Farren Simons,180,9360,16,AM C,England
league-one,Derby County,Zion Dixon,180,9360,17,"AM RLC, F C",England
league-one,Derby County,Dajaune Brown,180,9360,16,AM/F C,England
league-one,Derby County,Josh Shattell,180,9360,16,GK,England
league-one,Derby County,Riley Moloney,140,7280,17,D/WB L,England
league-one,Exeter City,Rekeem Harper,5700,296400,22,AM C,England
league-one,Exeter City,Admiral Muskwe,4900,254800,24,CF,Zimbabwe
league-one,Exeter City,Sam Nombe,2600,135200,23,ST,England
league-one,Exeter City,Jay Stansfield,2100,109200,19,"AM R, ST",England
league-one,Exeter City,Kyle Taylor,2000,104000,22,AM C,England
league-one,Exeter City,Zak Jules,2000,104000,25,D C,Scotland
league-one,Exeter City,Matt Jay,1900,98800,26,AM/F C,England
league-one,Exeter City,Sam Stubbs,1600,83200,23,D C,England
league-one,Exeter City,Timothée Dieng,1600,83200,30,"D C, DM",France
league-one,Exeter City,Alex Hartridge,1500,78000,23,D LC,England
league-one,Exeter City,Harry Smith,1200,62400,27,ST,England
league-one,Exeter City,Jonathan Grounds,1100,57200,34,D LC,England
league-one,Exeter City,Kegs Chauke,1000,52000,19,DM,England
league-one,Exeter City,Cheick Diabate,980,50960,21,D C,England
league-one,Exeter City,Harry Kite,830,43160,22,M C,England
league-one,Exeter City,Pierce Sweeney,800,41600,27,D RC,Ireland
league-one,Exeter City,Scott Brown,600,31200,37,GK,England
league-one,Exeter City,Joe Wragg,310,16120,19,AM R,England
league-one,Exeter City,Sonny Cox,240,12480,17,ST,England
league-one,Exeter City,Harrison King,180,9360,16,D/WB R,England
league-one,Exeter City,Pedro Borges,180,9360,16,M C,Portugal
league-one,Exeter City,Gabriel Billington,180,9360,17,"D C, M C",England
league-one,Exeter City,Alfie Cunningham,180,9360,16,AM R,Wales
league-one,Exeter City,Ed James,180,9360,17,D RC,Wales
league-one,Exeter City,Mitch Beardmore,180,9360,17,AM C,England
league-one,Exeter City,Alfie Clark,180,9360,17,AM RL,England
league-one,Exeter City,Tom Dean,180,9360,16,M C,England
league-one,Exeter City,Max Edgecombe,180,9360,16,D L,England
league-one,Exeter City,Sam Joce,180,9360,16,D C,England
league-one,Exeter City,Andrew Sowden,180,9360,17,GK,England
league-one,Exeter City,George Spencer,180,9360,17,ST,England
league-one,Fleetwood Town,Jakub Stolarczyk,10000,520000,21,GK,Poland
league-one,Fleetwood Town,Danny Mayor,5400,280800,31,AM LC,England
league-one,Fleetwood Town,Admiral Muskwe,4500,234000,23,"AM RL, ST",Zimbabwe
league-one,Fleetwood Town,Carlos Mendes Gomes,4400,228800,23,"AM RLC, F C",Spain
league-one,Fleetwood Town,Callum Morton,4400,228800,22,"AM L, ST",England
league-one,Fleetwood Town,Josh Vela,3100,161200,28,"DM, AM C",England
league-one,Fleetwood Town,Josh Earl,3100,161200,23,D LC,England
league-one,Fleetwood Town,Joe Garner,3100,161200,34,ST,England
league-one,Fleetwood Town,Lewis Warrington,3000,156000,19,DM,England
league-one,Fleetwood Town,Toto Nsiala,2600,135200,30,D C,DR Congo
league-one,Fleetwood Town,Brendan Wiredu,2500,130000,22,DM,England
league-one,Fleetwood Town,Daniel Batty,2400,124800,24,DM,England
league-one,Fleetwood Town,Michael Devlin,1900,98800,28,D C,Scotland
league-one,Fleetwood Town,Promise Omochere,1800,93600,21,"AM R, ST",Nigeria
league-one,Fleetwood Town,Ryan Broom,1700,88400,25,AM RC,Wales
league-one,Fleetwood Town,Paddy Lane,850,44200,21,AM RL,N.Ireland
league-one,Fleetwood Town,Ged Garner,840,43680,23,ST,England
league-one,Fleetwood Town,Jay Lynch,810,42120,29,GK,England
league-one,Fleetwood Town,Barry Baggley,790,41080,20,M C,N.Ireland
league-one,Fleetwood Town,Carl Johnston,680,35360,20,AM LC,N.Ireland
league-one,Fleetwood Town,Harvey Macadam,630,32760,21,M C,England
league-one,Fleetwood Town,Dylan Boyle,620,32240,20,M C,N.Ireland
league-one,Fleetwood Town,Shaun Rooney,600,31200,25,D/WB R,Scotland
league-one,Fleetwood Town,Drew Baker,480,24960,19,D C,England
league-one,Fleetwood Town,Ben Thompson,440,22880,19,M C,England
league-one,Fleetwood Town,Billy Batch,440,22880,20,D/WB L,England
league-one,Fleetwood Town,Harrison Holgate,430,22360,22,D RC,England
league-one,Fleetwood Town,Connor Teale,430,22360,19,D C,England
league-one,Fleetwood Town,Stephen McMullan,420,21840,17,GK,N.Ireland
league-one,Fleetwood Town,Akiel Raffie,400,20800,19,M C,South Africa
league-one,Fleetwood Town,Cian Hayes,380,19760,19,AM RL,Ireland
league-one,Fleetwood Town,Danny Edwards,370,19240,19,M C,England
league-one,Fleetwood Town,Max McMillan,330,17160,19,ST,South Africa
league-one,Fleetwood Town,Harry Wilson,330,17160,18,ST,N.Ireland
league-one,Fleetwood Town,Tom Donaghy,310,16120,19,GK,England
league-one,Fleetwood Town,Josh Edwards,310,16120,18,D/WB L,England
league-one,Fleetwood Town,Luc Rees,290,15080,19,GK,Wales
league-one,Fleetwood Town,Will Russ,280,14560,19,ST,Wales
league-one,Fleetwood Town,Kyle White,250,13000,17,M C,England
league-one,Fleetwood Town,Jake Wallace,250,13000,18,D R,N.Ireland
league-one,Fleetwood Town,Thomas Hoyle,250,13000,18,D C,England
league-one,Fleetwood Town,Ollie Leggett,250,13000,17,D L,England
league-one,Fleetwood Town,Sam Bird,220,11440,19,D R,England
league-one,Fleetwood Town,Sam Glenfield,200,10400,17,ST,N.Ireland
league-one,Fleetwood Town,George Morrison,180,9360,16,DM,Scotland
league-one,Fleetwood Town,Liam Jessop,180,9360,16,ST,Gibraltar
league-one,Fleetwood Town,Chiekh Thiam,180,9360,17,D R,Italy
league-one,Fleetwood Town,Rio Cragg,180,9360,17,GK,England
league-one,Fleetwood Town,Brad Arthur,180,9360,17,D/WB/AM L,England
league-one,Fleetwood Town,Josh Kearns,180,9360,17,"DM, AM C",England
league-one,Fleetwood Town,Kyle King,180,9360,17,"D L, DM, M LC",England
league-one,Fleetwood Town,Roman Khela,180,9360,17,D R,England
league-one,Fleetwood Town,Zane Marsh,180,9360,16,AM RL,England
league-one,Fleetwood Town,Billy Jones,180,9360,17,M C,England
league-one,Fleetwood Town,Harry Clarke,180,9360,17,ST,England
league-one,Fleetwood Town,Ryan Hand,180,9360,17,D LC,England
league-one,Fleetwood Town,Reuben Woodward,180,9360,16,GK,England
league-one,Fleetwood Town,Theo Butterworth,180,9360,16,D C,England
league-one,Fleetwood Town,Kayden Hughes,180,9360,17,D LC,England
league-one,Fleetwood Town,Ivan Imasuen,180,9360,16,WB L,England
league-one,Fleetwood Town,Will Johnson,180,9360,17,WB L,England
league-one,Fleetwood Town,Harvey Fletcher,180,9360,16,M C,England
league-one,Fleetwood Town,Bosembo Namputu,180,9360,16,M C,England
league-one,Fleetwood Town,Hermann Daha,180,9360,16,D C,Italy
league-one,Fleetwood Town,Dominic Richmond,180,9360,16,ST,England
league-one,Fleetwood Town,Pharrell Brown,140,7280,17,AM R,England
league-one,Fleetwood Town,Connor Eastham,0,0,18,GK,England
league-one,Leyton Orient,George Moncur,3200,166400,28,AM LC,England
league-one,Leyton Orient,Max Sanders,2900,150800,23,DM,England
league-one,Leyton Orient,Adam Thompson,2500,130000,29,D RC,N.Ireland
league-one,Leyton Orient,Aaron Drinan,2500,130000,24,"AM R, ST",Ireland
league-one,Leyton Orient,Anthony Georgiou,2500,130000,25,AM L,Cyprus
league-one,Leyton Orient,Darren Pratley,2400,124800,37,M C,England
league-one,Leyton Orient,Charlie Kelman,2400,124800,20,ST,England
league-one,Leyton Orient,Connor Wood,2400,124800,25,D/WB/M L,England
league-one,Leyton Orient,Ed Turns,2300,119600,19,D C,Wales
league-one,Leyton Orient,Idris El Mizouni,2100,109200,21,"DM, AM C",Tunisia
league-one,Leyton Orient,Rob Hunt,1700,88400,27,D/WB RL,England
league-one,Leyton Orient,Ruel Sotiriou,1700,88400,21,"AM L, ST",Cyprus
league-one,Leyton Orient,Tom James,1600,83200,26,"D/WB RL, DM",Wales
league-one,Leyton Orient,Dan Happe,1400,72800,23,D C,England
league-one,Leyton Orient,Jayden Wareham,1100,57200,19,ST,England
league-one,Leyton Orient,Jordan Brown,1100,57200,21,"D R, DM",England
league-one,Leyton Orient,Omar Beckles,800,41600,30,D C,England
league-one,Leyton Orient,Sam Sargeant,720,37440,24,GK,England
league-one,Leyton Orient,Matt Young,630,32760,19,M LC,England
league-one,Leyton Orient,Theo Archibald,600,31200,24,AM RL,Scotland
league-one,Leyton Orient,Stephen Duke-McKenna,600,31200,21,AM RLC,Guyana
league-one,Leyton Orient,Dan Nkrumah,570,29640,18,AM L,England
league-one,Leyton Orient,Jayden Sweeney,560,29120,20,D L,England
league-one,Leyton Orient,Harrison Sodje,430,22360,18,D L,England
league-one,Leyton Orient,Jephte Tanga,410,21320,18,AM RL,England
league-one,Leyton Orient,Zech Obiero,350,18200,17,M R,England
league-one,Leyton Orient,Rhys Byrne,330,17160,19,GK,England
league-one,Leyton Orient,Sonny Fish,270,14040,18,ST,Wales
league-one,Leyton Orient,Henry Sworder,180,9360,17,GK,England
league-one,Leyton Orient,Noah Phillips,180,9360,17,GK,England
league-one,Leyton Orient,Antonio Clements,180,9360,17,DM,England
league-one,Leyton Orient,Ayodele Ojo,180,9360,17,DM,England
league-one,Leyton Orient,Sahid Nallo,180,9360,17,M C,England
league-one,Leyton Orient,Ebraima Davies,180,9360,17,ST,England
league-one,Leyton Orient,Charlie Pegrum,180,9360,17,ST,England
league-one,Leyton Orient,Lenny Holder,180,9360,16,GK,England
league-one,Leyton Orient,David Agyemang,180,9360,16,D/WB/M L,England
league-one,Leyton Orient,Thomas Avgoustidis,180,9360,16,DM,England
league-one,Leyton Orient,Makai Welch,180,9360,16,D L,England
league-one,Leyton Orient,Ashley Koroma,180,9360,16,M L,England
league-one,Leyton Orient,Lorenzo Saponara,180,9360,16,D C,England
league-one,Leyton Orient,Reon Smith-Kouassi,180,9360,16,ST,England
league-one,Leyton Orient,Marley St Louis,180,9360,16,ST,England
league-one,Lincoln City,Tashan Oakley-Boothe,6600,343200,22,M C,England
league-one,Lincoln City,Tyler Walker,5600,291200,25,ST,England
league-one,Lincoln City,Adam Jackson,3500,182000,28,D C,England
league-one,Lincoln City,Carl Rushworth,3400,176800,21,GK,England
league-one,Lincoln City,Jacob Davenport,3100,161200,23,DM,England
league-one,Lincoln City,Jordon Garrick,3100,161200,23,"AM RL, ST",Jamaica
league-one,Lincoln City,Joe Walsh,3100,161200,30,D C,Wales
league-one,Lincoln City,Lewis Montsma,3000,156000,24,D C,Holland
league-one,Lincoln City,Matty Virtue,2900,150800,25,DM,England
league-one,Lincoln City,Max Sanders,2900,150800,23,DM,England
league-one,Lincoln City,Paudie O'Connor,2800,145600,24,D C,Ireland
league-one,Lincoln City,Regan Poole,2700,140400,24,D RC,Wales
league-one,Lincoln City,Ted Bishop,2600,135200,25,"DM, AM LC",England
league-one,Lincoln City,TJ Eyoma,2600,135200,22,D RC,England
league-one,Lincoln City,Danny Mandroiu,2400,124800,23,AM RC,Ireland
league-one,Lincoln City,Charles Vernam,2400,124800,25,AM RLC,England
league-one,Lincoln City,Ethan Hamilton,2300,119600,23,M C,Scotland
league-one,Lincoln City,Jack Diamond,2100,109200,22,AM RL,England
league-one,Lincoln City,Jamie Robson,2100,109200,24,D/WB/M L,Scotland
league-one,Lincoln City,Jaden Brown,2100,109200,23,D/WB/AM L,England
league-one,Lincoln City,Reeco Hackett,1700,88400,24,"WB L, AM RL, ST",England
league-one,Lincoln City,Tom Hopper,1600,83200,28,ST,England
league-one,Lincoln City,Ben House,1500,78000,23,AM/F C,Scotland
league-one,Lincoln City,Lasse Sørensen,1000,52000,22,DM,Denmark
league-one,Lincoln City,Jay Benn,910,47320,20,D/WB R,England
league-one,Lincoln City,Freddie Draper,800,41600,17,ST,England
league-one,Lincoln City,Jordan Wright,610,31720,23,GK,England
league-one,Lincoln City,Sean Roughan,570,29640,19,D LC,Ireland
league-one,Lincoln City,Jack Burroughs,560,29120,21,"D/WB RL, M C",Scotland
league-one,Lincoln City,Elicha Ahui,460,23920,18,"D/WB R, DM, M RC",England
league-one,Lincoln City,Oisin Gallagher,180,9360,17,DM,Ireland
league-one,Lincoln City,Sam Green,180,9360,17,GK,England
league-one,Lincoln City,Kyrell Wheatley,180,9360,17,AM R,England
league-one,Lincoln City,Tayo Alexander-Tucker,180,9360,17,"AM L, ST",England
league-one,Lincoln City,Osei Boffah,180,9360,17,D L,England
league-one,Lincoln City,Nathan Kabeya,180,9360,17,D R,England
league-one,Lincoln City,Theo Mussell,180,9360,17,"D R, M C",England
league-one,Lincoln City,Darryl Powell,180,9360,17,D C,England
league-one,Lincoln City,Harry Dale,180,9360,17,M C,England
league-one,Lincoln City,Julian Donnery,180,9360,17,"AM L, ST",England
league-one,Lincoln City,Bailey Adamson,180,9360,16,M R,England
league-one,Lincoln City,Russell Berko,180,9360,16,ST,England
league-one,Lincoln City,Kye Perkins,180,9360,16,AM LC,England
league-one,Lincoln City,Louis Nesbitt,180,9360,16,DM,England
league-one,Lincoln City,MJ Kamara,180,9360,16,WB L,England
league-one,Lincoln City,Jersey Lopez,180,9360,16,D C,England
league-one,Lincoln City,Isaac Allan,180,9360,16,GK,England
league-one,Northampton Town,Josh Eppiah,6100,317200,23,"AM RL, ST",Belgium
league-one,Northampton Town,Danny Hylton,3400,176800,33,ST,England
league-one,Northampton Town,Akin Odimayo,2500,130000,22,D RC,England
league-one,Northampton Town,Ben Fox,2500,130000,24,"D R, DM",England
league-one,Northampton Town,Jon Guthrie,2100,109200,29,D C,England
league-one,Northampton Town,Lee Burge,2000,104000,29,GK,England
league-one,Northampton Town,Manny Monthe,1900,98800,27,D C,Cameroon
league-one,Northampton Town,Ryan Haynes,1700,88400,26,D/WB/M L,England
league-one,Northampton Town,Sam Hoskins,1600,83200,29,"AM RLC, F C",England
league-one,Northampton Town,Sam Sherring,1600,83200,22,D C,England
league-one,Northampton Town,Ali Koiki,1500,78000,22,D/WB/M L,England
league-one,Northampton Town,Aaron McGowan,1500,78000,25,D/WB RL,England
league-one,Northampton Town,Jack Sowerby,1100,57200,27,DM,England
league-one,Northampton Town,Louis Appéré,1000,52000,23,"AM L, ST",Scotland
league-one,Northampton Town,Mitch Pinnock,900,46800,27,AM RLC,England
league-one,Northampton Town,Kieron Bowie,850,44200,19,"AM RC, F C",Scotland
league-one,Northampton Town,Patrick Brough,750,39000,26,D LC,England
league-one,Northampton Town,Harvey Lintott,730,37960,19,D RC,England
league-one,Northampton Town,Shaun McWilliams,600,31200,23,DM,England
league-one,Northampton Town,Tyler Magloire,600,31200,23,D RC,England
league-one,Northampton Town,Liam Cross,390,20280,19,AM C,England
league-one,Northampton Town,Max Dyche,380,19760,19,D LC,England
league-one,Northampton Town,Peter Abimbola,350,18200,18,DM,England
league-one,Northampton Town,Tommy Curry,200,10400,18,AM L,England
league-one,Northampton Town,James Dadge,180,9360,17,GK,England
league-one,Northampton Town,Dylan Hill,180,9360,18,DM,England
league-one,Northampton Town,Josh Tomlinson,180,9360,16,D C,England
league-one,Northampton Town,Jacob Scott,180,9360,16,DM,England
league-one,Northampton Town,Reuben Wyatt,180,9360,16,AM C,England
league-one,Northampton Town,Brad Smith-Howes,180,9360,17,D/WB R,England
league-one,Northampton Town,Kenny Ndefo,180,9360,17,ST,England
league-one,Northampton Town,Tom Cartwright,180,9360,16,D RC,England
league-one,Northampton Town,Jamari Hart,180,9360,16,"D/WB L, DM",England
league-one,Northampton Town,Reece Irwin,180,9360,17,"D C, ST",England
league-one,Northampton Town,Rico Duggan,180,9360,17,AM LC,England
league-one,Northampton Town,Kai O'Keeffe,180,9360,17,"AM RL, ST",England
league-one,Northampton Town,Fin Amidi,180,9360,16,"AM RL, ST",England
league-one,Northampton Town,Josh Brown,180,9360,17,"D C, DM",England
league-one,Northampton Town,Ayo Lekuti,180,9360,17,D/WB L,England
league-one,Northampton Town,Marcus Bald,180,9360,17,GK,England
league-one,Oxford United,Cameron Brannagan,12000,624000,26,"DM, AM C",England
league-one,Oxford United,Kyle Joseph,6000,312000,20,ST,Scotland
league-one,Oxford United,Mark Harris,5900,306800,23,"AM LC, F C",Wales
league-one,Oxford United,Djavan Anderson,5400,280800,27,D/WB/AM R,Suriname
league-one,Oxford United,Josh Murphy,5100,265200,27,"AM RL, ST",England
league-one,Oxford United,Lewis Bate,5000,260000,19,DM,England
league-one,Oxford United,Elliott Moore,4300,223600,25,D C,England
league-one,Oxford United,James Henry,4100,213200,33,AM RC,England
league-one,Oxford United,Jordan Thorniley,4100,213200,25,D C,England
league-one,Oxford United,Marcus Browne,3900,202800,24,AM RLC,England
league-one,Oxford United,Marcus McGuane,3900,202800,23,DM,England
league-one,Oxford United,Sam Baldock,3600,187200,33,ST,England
league-one,Oxford United,Alejandro Rodríguez Gorrín,3500,182000,28,DM,Spain
league-one,Oxford United,Billy Bodin,3500,182000,30,AM RLC,Wales
league-one,Oxford United,Ciaron Brown,3400,176800,24,D LC,N.Ireland
league-one,Oxford United,Yanic Wildschut,3300,171600,30,AM RL,Suriname
league-one,Oxford United,Josh McEachran,3100,161200,29,DM,England
league-one,Oxford United,Sam Long,1600,83200,27,D RC,England
league-one,Oxford United,Simon Eastwood,1600,83200,33,GK,England
league-one,Oxford United,Sonny Perkins,1600,83200,18,"AM LC, F C",England
league-one,Oxford United,Ed McGinty,1300,67600,22,GK,Ireland
league-one,Oxford United,John Mousinho,1100,57200,36,"D C, DM",England
league-one,Oxford United,Oisin Smyth,760,39520,22,DM,N.Ireland
league-one,Oxford United,Gatlin O'Donkor,490,25480,17,ST,England
league-one,Oxford United,Slavi Spasov,420,21840,20,AM/F C,Bulgaria
league-one,Oxford United,Tyler Goodrham,410,21320,18,AM RLC,England
league-one,Oxford United,James Golding,410,21320,17,D C,Ireland
league-one,Oxford United,Josh Johnson,360,18720,17,DM,England
league-one,Oxford United,Yoav Sade,260,13520,22,D R,Israel
league-one,Oxford United,Eddie Brearey,180,9360,18,GK,England
league-one,Oxford United,Josh Anifowose,180,9360,18,M C,England
league-one,Oxford United,Fraser Barnsley,180,9360,17,GK,England
league-one,Oxford United,Ibrahim Sankoh,180,9360,17,D R,England
league-one,Oxford United,George Franklin,180,9360,17,M C,England
league-one,Oxford United,Owen Giles,180,9360,17,D C,England
league-one,Oxford United,Erion Zabeli,180,9360,17,D C,Albania
league-one,Oxford United,Amari Davis-Stephenson,180,9360,17,AM RL,England
league-one,Oxford United,Enrique Tiamuna,180,9360,17,DM,England
league-one,Oxford United,Monty Marriott,180,9360,16,GK,England
league-one,Oxford United,Rashane Maxwell,180,9360,16,D L,England
league-one,Oxford United,Richard Gerrard,180,9360,16,D L,England
league-one,Oxford United,Max Smith,180,9360,16,D C,England
league-one,Oxford United,Zaide Took-Oxley,180,9360,16,M C,England
league-one,Oxford United,Jacob Fowler,180,9360,16,M C,England
league-one,Oxford United,Tobias Brenan,180,9360,16,M C,England
league-one,Oxford United,Aidan Elliott-Wheeler,180,9360,16,AM RL,England
league-one,Oxford United,Josh Iheanacho,180,9360,16,ST,England
league-one,Peterborough United,Jonson Clarke-Harris,6100,317200,27,ST,Jamaica
league-one,Peterborough United,Jeando Fuchs,5100,265200,24,DM,Cameroon
league-one,Peterborough United,Josh Knight,5100,265200,24,"D C, DM",England
league-one,Peterborough United,Jack Marriott,5100,265200,27,ST,England
league-one,Peterborough United,David Ajiboye,4400,228800,23,AM RL,England
league-one,Peterborough United,Ephron Mason-Clark,4300,223600,22,"AM RL, ST",England
league-one,Peterborough United,Ollie Norburn,3800,197600,29,DM,Grenada
league-one,Peterborough United,Hector Kyprianou,3200,166400,21,DM,Cyprus
league-one,Peterborough United,Lucas Bergström,3000,156000,19,GK,Finland
league-one,Peterborough United,Kwame Poku,3000,156000,20,AM RLC,England
league-one,Peterborough United,Ronnie Edwards,2700,140400,19,D C,England
league-one,Peterborough United,Harrison Burrows,2200,114400,20,WB/M L,England
league-one,Peterborough United,Joel Randall,2100,109200,22,AM RL,England
league-one,Peterborough United,Kelland Watts,2000,104000,22,D C,England
league-one,Peterborough United,Ricky-Jade Jones,1700,88400,19,"AM L, ST",England
league-one,Peterborough United,Archie Collins,1500,78000,22,M C,England
league-one,Peterborough United,Harvey Cartwright,1200,62400,20,GK,England
league-one,Peterborough United,Joe Tomlinson,1100,57200,22,D/WB RL,England
league-one,Peterborough United,Emmanuel Fernandez,660,34320,20,D C,England
league-one,Peterborough United,Ashton Fox,600,31200,19,D C,England
league-one,Peterborough United,Benjamin Mensah,590,30680,19,D/WB R,Italy
league-one,Peterborough United,Charlie O'Connell,580,30160,19,D RC,England
league-one,Peterborough United,Joe Taylor,510,26520,19,ST,Wales
league-one,Peterborough United,Johnson Gyamfi,510,26520,20,AM RL,Ghana
league-one,Peterborough United,Kai Corbett,500,26000,19,AM RL,England
league-one,Peterborough United,Kellan Hickinson,500,26000,18,AM C,England
league-one,Peterborough United,Dave Bodie,420,21840,19,D C,England
league-one,Peterborough United,Gergő János Bodnár,390,20280,17,D/WB R,Hungary
league-one,Peterborough United,Harry Thomas,380,19760,17,D C,England
league-one,Peterborough United,Hisham Chiha,380,19760,18,AM L,Tunisia
league-one,Peterborough United,Luke Harris,340,17680,19,M C,England
league-one,Peterborough United,Lewis Darlington,340,17680,17,ST,England
league-one,Peterborough United,Mackenzie Lamb,330,17160,18,DM,Scotland
league-one,Peterborough United,Oscar Tonge,310,16120,17,D/WB L,England
league-one,Peterborough United,Will Blackmore,280,14560,20,GK,England
league-one,Peterborough United,Roddy McGlinchey,280,14560,18,DM,England
league-one,Peterborough United,William Van Lier,230,11960,18,M C,England
league-one,Peterborough United,William Lakin,230,11960,18,GK,England
league-one,Peterborough United,Harry Titchmarsh,180,9360,17,M C,England
league-one,Peterborough United,Gabriel Overton,180,9360,17,ST,England
league-one,Peterborough United,Matthew Laycock,180,9360,17,GK,England
league-one,Peterborough United,Bayley McCann,180,9360,16,D L,N.Ireland
league-one,Peterborough United,Jacob Goodley,180,9360,17,D C,England
league-one,Peterborough United,Ben Challinor,180,9360,17,M C,England
league-one,Peterborough United,Oliver Rose,180,9360,17,D/WB R,England
league-one,Peterborough United,James Dornelly,180,9360,17,D C,England
league-one,Peterborough United,McKenzie Mason,180,9360,17,"D C, DM",England
league-one,Peterborough United,Reuben Marshall,180,9360,16,ST,England
league-one,Port Vale,Liam McCarron,5000,260000,21,AM RL,England
league-one,Port Vale,Thierry Small,4600,239200,17,D LC,England
league-one,Port Vale,Funso Ojo,4300,223600,30,DM,Belgium
league-one,Port Vale,Mipo Odubeko,3900,202800,19,ST,Ireland
league-one,Port Vale,Dennis Politic,3400,176800,22,"AM RLC, F C",Romania
league-one,Port Vale,Ellis Harrison,3300,171600,28,"AM L, ST",Wales
league-one,Port Vale,Gavin Massey,3200,166400,29,WB/AM R,England
league-one,Port Vale,Jack Stevens,3100,161200,24,GK,England
league-one,Port Vale,Jason Lowe,3100,161200,30,"D RC, M C",England
league-one,Port Vale,Conor Grant,2400,124800,27,"WB L, DM",England
league-one,Port Vale,Connor Ripley,2400,124800,29,GK,England
league-one,Port Vale,Harry Charsley,2200,114400,25,AM C,Ireland
league-one,Port Vale,James Wilson,2100,109200,26,ST,England
league-one,Port Vale,Nathan Smith,1900,98800,26,D C,England
league-one,Port Vale,Rory Holden,1700,88400,24,AM RLC,N.Ireland
league-one,Port Vale,Tom Conlon,1600,83200,26,AM C,England
league-one,Port Vale,Ben Garrity,1500,78000,25,"DM, AM C",England
league-one,Port Vale,Brad Walker,1500,78000,26,"D C, DM",England
league-one,Port Vale,Alex Iacovitti,1500,78000,24,D C,Scotland
league-one,Port Vale,Daniel Butterworth,1400,72800,22,AM/F C,England
league-one,Port Vale,Connor Hall,1400,72800,29,D C,England
league-one,Port Vale,Dan Jones,1400,72800,27,D LC,England
league-one,Port Vale,Derek Agyakwa,970,50440,20,D C,Holland
league-one,Port Vale,Ethan Chislett,860,44720,23,AM C,South Africa
league-one,Port Vale,Lewis Cass,790,41080,22,D RC,England
league-one,Port Vale,Tom Pett,600,31200,30,DM,England
league-one,Port Vale,Sammy Robinson,600,31200,20,D RC,England
league-one,Port Vale,James Plant,180,9360,17,"AM RL, ST",England
league-one,Port Vale,Festus Chale,180,9360,16,"D C, M C",England
league-one,Port Vale,Reuben Perry,180,9360,17,GK,England
league-one,Port Vale,Durell Manhertz,180,9360,17,D L,England
league-one,Port Vale,Logan Stinton,180,9360,17,ST,England
league-one,Port Vale,Arron Davies,180,9360,16,GK,England
league-one,Port Vale,Braden Webb,180,9360,16,D C,England
league-one,Port Vale,Callum Besford,180,9360,16,D L,England
league-one,Port Vale,Daniel Mahaffy,180,9360,16,M C,England
league-one,Port Vale,Rhys Walters,180,9360,16,M C,England
league-one,Port Vale,Andrew Buah,180,9360,16,ST,England
league-one,Port Vale,Eli Fisher,180,9360,16,ST,England
league-one,Port Vale,Caelan Ryan,180,9360,16,ST,England
league-one,Portsmouth,Dane Scarlett,12000,624000,18,ST,England
league-one,Portsmouth,Gavin Whyte,8200,426400,26,AM R,N.Ireland
league-one,Portsmouth,Joe Pigott,8100,421200,28,ST,England
league-one,Portsmouth,Colby Bishop,5400,280800,25,ST,England
league-one,Portsmouth,Marlon Pack,4900,254800,31,DM,England
league-one,Portsmouth,Owen Dale,4800,249600,23,AM RL,England
league-one,Portsmouth,Anthony Scully,4500,234000,23,"AM RL, ST",Ireland
league-one,Portsmouth,Joe Rafferty,4100,213200,28,D/WB RL,Ireland
league-one,Portsmouth,Josh Koroma,4100,213200,23,"AM RL, ST",England
league-one,Portsmouth,Joe Morrell,4100,213200,25,DM,Wales
league-one,Portsmouth,Michael Morrison,3900,202800,34,D C,England
league-one,Portsmouth,Ronan Curtis,3700,192400,26,"AM LC, F C",Ireland
league-one,Portsmouth,Sean Raggett,3600,187200,28,D C,England
league-one,Portsmouth,Connor Ogilvie,3400,176800,26,D LC,England
league-one,Portsmouth,Denver Hume,3400,176800,23,D/WB L,England
league-one,Portsmouth,Will Norris,3400,176800,28,GK,England
league-one,Portsmouth,Zak Swanson,3000,156000,21,D RL,England
league-one,Portsmouth,Michael Jacobs,2900,150800,30,AM RLC,England
league-one,Portsmouth,Ryan Tunnicliffe,2700,140400,29,"DM, AM C",England
league-one,Portsmouth,Regan Poole,2700,140400,24,D RC,Wales
league-one,Portsmouth,Tom Lowery,2600,135200,24,DM,Wales
league-one,Portsmouth,Clark Robertson,2400,124800,28,D LC,Scotland
league-one,Portsmouth,Conor Shaughnessy,2400,124800,26,"D C, DM",Ireland
league-one,Portsmouth,Josh Griffiths,2100,109200,20,GK,England
league-one,Portsmouth,Joshua Oluwayemi,810,42120,21,GK,England
league-one,Portsmouth,Jayden Reid,810,42120,21,"AM RC, F C",England
league-one,Portsmouth,Jay Mingi,610,31720,21,DM,England
league-one,Portsmouth,Liam Vincent,590,30680,19,D/WB L,England
league-one,Portsmouth,Harry Jewitt-White,530,27560,18,M C,Wales
league-one,Portsmouth,Alfie Bridgman,250,13000,18,DM,England
league-one,Portsmouth,Dan Gifford,250,13000,18,"AM RC, F C",England
league-one,Portsmouth,Jamie Howell,180,9360,17,D RC,England
league-one,Portsmouth,Spencer Spurway,180,9360,17,D C,England
league-one,Portsmouth,Elliott Simpson,180,9360,16,AM RC,England
league-one,Portsmouth,Charlie Williams,180,9360,16,M C,England
league-one,Portsmouth,Adam Payce,180,9360,17,"M C, ST",England
league-one,Portsmouth,Josh Dockerill,180,9360,17,M C,England
league-one,Portsmouth,Kayden Traynor,180,9360,17,D R,England
league-one,Portsmouth,Gabriel Kamavuako,180,9360,17,AM/F C,England
league-one,Portsmouth,Billy Fuller,180,9360,17,ST,England
league-one,Portsmouth,Destiny Ojo,180,9360,17,"AM RL, ST",England
league-one,Portsmouth,Maxwell Hurst,180,9360,16,ST,England
league-one,Portsmouth,Koby Mottoh,180,9360,15,AM RL,England
league-one,Portsmouth,Kevin Bosaka,180,9360,16,AM RC,England
league-one,Portsmouth,Mitch Aston,180,9360,16,DM,England
league-one,Portsmouth,Daniel Murray,180,9360,16,DM,England
league-one,Portsmouth,Harvey Laidlaw,180,9360,16,D/WB L,England
league-one,Portsmouth,Jack Fox,180,9360,16,D RC,England
league-one,Portsmouth,Malachi Osei-Owusu,180,9360,16,GK,England
league-one,Portsmouth,Bastian Smith,180,9360,16,GK,England
league-one,Portsmouth,Brian Quarm,180,9360,16,"D/WB R, AM RC",Ghana
league-one,Reading,Baba Rahman,89000,4628000,28,D/WB L,Ghana
league-one,Reading,Jeff Hendrick,50000,2600000,30,AM RC,Ireland
league-one,Reading,Liam Moore,30000,1560000,29,D C,England
league-one,Reading,Ovie Ejaria,14000,728000,24,AM LC,England
league-one,Reading,David Button,12000,624000,33,GK,England
league-one,Reading,Abdul-Rahman Baba,8400,436800,28,LB,Ghana
league-one,Reading,Joe Lumley,6100,317200,27,GK,England
league-one,Reading,Tom McIntyre,3600,187200,23,D LC,Scotland
league-one,Reading,Andy Yiadom,3500,182000,30,D RLC,Ghana
league-one,Reading,Andy Carroll,3500,182000,33,ST,England
league-one,Reading,Junior Hoilett,3100,161200,32,WB/AM RL,Canada
league-one,Reading,Naby Sarr,2900,150800,28,D LC,France
league-one,Reading,Nesta Guinness-Walker,2900,150800,22,D/WB/M L,England
league-one,Reading,Shane Long,2600,135200,35,ST,Ireland
league-one,Reading,Tom Holmes,2600,135200,22,D RC,England
league-one,Reading,Scott Dann,2600,135200,35,D C,England
league-one,Reading,Sam Hutchinson,2600,135200,32,"D C, DM",England
league-one,Reading,Amadou Mbengue,2500,130000,20,"D C, DM",France
league-one,Reading,Dejan Tetek,2400,124800,19,DM,England
league-one,Reading,Coniah Boyce-Clarke,2400,124800,19,GK,England
league-one,Reading,Dean Bouzanis,2400,124800,31,GK,Australia
league-one,Reading,Femi Azeez,2300,119600,21,"AM RL, ST",England
league-one,Reading,Jökull Andrésson,2100,109200,20,GK,Iceland
league-one,Reading,Tyrese Fornah,1600,83200,22,DM,England
league-one,Reading,David Nyarko,1400,72800,19,"AM RLC, F C",England
league-one,Reading,Harvey Knibbs,980,50960,23,"AM RC, F C",England
league-one,Reading,Michael Craig,900,46800,19,"D C, DM",Scotland
league-one,Reading,Claudio Osorio,780,40560,19,AM C,England
league-one,Reading,Rashawn Scott,730,37960,19,AM RLC,England
league-one,Reading,Kelvin Ehibhatiomhan,700,36400,19,"AM LC, F C",England
league-one,Reading,Adrian Akande,700,36400,18,"AM RLC, F C",Nigeria
league-one,Reading,Ayyuba Jambang,700,36400,17,D R,England
league-one,Reading,Boyd Beacroft,690,35880,19,D C,England
league-one,Reading,Nahum Melvin-Lambert,670,34840,19,ST,England
league-one,Reading,Nelson Abbey,670,34840,18,D LC,England
league-one,Reading,Ethan Burnett,660,34320,20,M C,England
league-one,Reading,Jahmari Clarke,610,31720,18,ST,England
league-one,Reading,Kian Leavy,600,31200,20,AM C,Ireland
league-one,Reading,Ajani Giscombe,600,31200,17,AM C,England
league-one,Reading,Benji Purcell,590,30680,17,DM,Wales
league-one,Reading,Hamid Abdul-Salem,530,27560,18,D/WB R,England
league-one,Reading,John Clarke,510,26520,18,D/WB L,England
league-one,Reading,Jack Senga-Ngoyi,510,26520,18,"D C, DM",Belgium
league-one,Reading,Kelvin Abrefa,500,26000,18,D/WB R,England
league-one,Reading,Louie Holzman,490,25480,18,D C,England
league-one,Reading,Michael Stickland,480,24960,18,D C,England
league-one,Reading,Matt Rowley,480,24960,19,GK,England
league-one,Reading,Harvey Collins,430,22360,19,GK,England
league-one,Reading,Sam Paul,420,21840,18,D/WB R,England
league-one,Reading,Josh Green,410,21320,18,AM R,England
league-one,Reading,Lui Bradbury,390,20280,17,AM C,England
league-one,Reading,Mamadi Camará,330,17160,19,AM RLC,Guinea-Bissau
league-one,Reading,Harvey Maudner,180,9360,18,AM RLC,England
league-one,Reading,Caylan Vickers,180,9360,17,AM/F C,England
league-one,Reading,Jeremiah Okine-Peters,180,9360,17,AM RL,England
league-one,Reading,Kyle Daniel-Spray,180,9360,17,D LC,England
league-one,Reading,Aston Greaver,180,9360,16,ST,England
league-one,Reading,Harrison Furlong,180,9360,16,AM RL,England
league-one,Reading,Abraham Kanu,180,9360,17,D C,England
league-one,Reading,Jacob Borgnis,180,9360,17,DM,England
league-one,Reading,Zion Nditi,180,9360,16,D R,England
league-one,Reading,Troy Murray,180,9360,17,AM C,England
league-one,Reading,Ryley Campbell,180,9360,17,M C,England
league-one,Reading,Tom Norcott,180,9360,17,GK,England
league-one,Reading,Toby Mawer,180,9360,17,GK,England
league-one,Reading,Taylan Harris,180,9360,16,AM/F C,England
league-one,Reading,Louis Hutchings,180,9360,17,"D C, DM",England
league-one,Reading,Basil Tuma,180,9360,17,"AM R, ST",Uganda
league-one,Reading,Jack Timberlake,180,9360,16,ST,England
league-one,Reading,Shay Spencer,180,9360,16,M L,England
league-one,Reading,Jayden Porter-Atkinson,180,9360,16,"D C, DM",England
league-one,Reading,Denim Nnamudi,180,9360,16,"D C, DM",England
league-one,Reading,Joseph Barough,180,9360,16,DM,England
league-one,Reading,Aaron White,180,9360,16,D L,England
league-one,Reading,William Gutierrez Ramirez,180,9360,16,D C,England
league-one,Reading,Matthew Goulding,180,9360,16,D/WB L,England
league-one,Reading,Tyler Field,180,9360,16,WB L,England
league-one,Reading,Harrison Rhone,180,9360,16,GK,England
league-one,Shrewsbury Town,Taylor Moore,6600,343200,25,D RC,England
league-one,Shrewsbury Town,Julien Dacosta,6100,317200,26,D/WB R,France
league-one,Shrewsbury Town,Chey Dunkley,4400,228800,30,D C,England
league-one,Shrewsbury Town,Elliott Bennett,4300,223600,33,M R,England
league-one,Shrewsbury Town,Carl Winchester,3400,176800,29,"D R, DM",N.Ireland
league-one,Shrewsbury Town,Jordan Shipley,3100,161200,24,AM LC,Ireland
league-one,Shrewsbury Town,Ryan Bowman,2700,140400,30,ST,England
league-one,Shrewsbury Town,Tom Flanagan,2600,135200,30,D C,N.Ireland
league-one,Shrewsbury Town,Tom Bayliss,2600,135200,23,M RC,England
league-one,Shrewsbury Town,Christian Saydee,2400,124800,20,ST,England
league-one,Shrewsbury Town,George Nurse,2200,114400,23,D/WB L,England
league-one,Shrewsbury Town,Harry Burgoyne,2200,114400,25,GK,England
league-one,Shrewsbury Town,Marko Maroši,1900,98800,28,GK,Slovakia
league-one,Shrewsbury Town,Daniel Udoh,1400,72800,25,ST,Nigeria
league-one,Shrewsbury Town,Morgan Feeney,730,37960,23,D C,England
league-one,Shrewsbury Town,Rob Street,700,36400,20,ST,England
league-one,Shrewsbury Town,Charlie Caton,580,30160,19,ST,Wales
league-one,Shrewsbury Town,Kade Craig,480,24960,19,D C,England
league-one,Shrewsbury Town,Joshua Bailey,470,24440,17,D/WB L,England
league-one,Shrewsbury Town,Jaden Bevan,460,23920,19,GK,England
league-one,Shrewsbury Town,Josh Barlow,360,18720,18,DM,England
league-one,Shrewsbury Town,Xander Parke,220,11440,18,GK,St Kitts & Nevis
league-one,Shrewsbury Town,Savy Vicente,180,9360,17,M C,England
league-one,Shrewsbury Town,Reece Thompson,180,9360,17,GK,England
league-one,Shrewsbury Town,Dennis Antal,180,9360,17,AM C,England
league-one,Shrewsbury Town,Declan Hutchings,180,9360,16,M C,England
league-one,Shrewsbury Town,Theo Knight,180,9360,17,AM RC,England
league-one,Shrewsbury Town,Travis Hernes,180,9360,16,M C,England
league-one,Shrewsbury Town,Nana Owusu-Gyimah,180,9360,16,D R,England
league-one,Shrewsbury Town,Jude Collins,180,9360,16,M L,England
league-one,Shrewsbury Town,Ben Croft,180,9360,16,M C,England
league-one,Shrewsbury Town,Vladimir Paternoster,180,9360,16,D C,England
league-one,Shrewsbury Town,Harvey Kirby-Moore,180,9360,16,ST,England
league-one,Shrewsbury Town,Halim Bakre,180,9360,16,ST,England
league-one,Shrewsbury Town,Frankie Beckles,180,9360,16,GK,England
league-one,Shrewsbury Town,Kelechi Etienne,180,9360,17,M C,England
league-one,Shrewsbury Town,Peter Bartozzi,180,9360,16,AM/F C,England
league-one,Shrewsbury Town,Cameron Morris,180,9360,16,ST,England
league-one,Shrewsbury Town,Harvey Watts,180,9360,16,M R,England
league-one,Shrewsbury Town,Kevin Dadie,180,9360,16,ST,England
league-one,Shrewsbury Town,Nathaniel Muenda,180,9360,16,WB L,England
league-one,Shrewsbury Town,James Warner,180,9360,16,D/WB R,England
league-one,Stevenage,Alex Gilbey,4500,234000,27,"DM, AM C",England
league-one,Stevenage,Harry Anderson,3200,166400,25,"WB R, AM RL",England
league-one,Stevenage,Alex MacDonald,2500,130000,32,AM RLC,Scotland
league-one,Stevenage,Dan Sweeney,2400,124800,28,"D C, DM",England
league-one,Stevenage,Dean Campbell,2400,124800,21,"D L, DM",Scotland
league-one,Stevenage,Jordan Roberts,2100,109200,28,"AM L, ST",England
league-one,Stevenage,Jake Taylor,2100,109200,30,M RC,Wales
league-one,Stevenage,Louis Thompson,2000,104000,27,"D C, DM",Wales
league-one,Stevenage,Michael Bostwick,1900,98800,34,"D C, DM",England
league-one,Stevenage,Taye Ashby-Hammond,1600,83200,23,GK,England
league-one,Stevenage,Carl Piergianni,1400,72800,30,D C,England
league-one,Stevenage,David Amoo,1400,72800,31,"AM RL, ST",England
league-one,Stevenage,Elliott List,1300,67600,25,"AM R, ST",England
league-one,Stevenage,Aaron Chapman,1000,52000,32,GK,England
league-one,Stevenage,Kane Smith,1000,52000,26,D/WB R,England
league-one,Stevenage,Jamie Reid,960,49920,27,ST,N.Ireland
league-one,Stevenage,Arthur Read,950,49400,22,AM C,England
league-one,Stevenage,Luther James-Wildin,940,48880,24,D/WB R,Antigua & Barbuda
league-one,Stevenage,Terence Vancooten,860,44720,24,D RC,Guyana
league-one,Stevenage,Jack Smith,660,34320,20,M RC,England
league-one,Stevenage,Saxon Earley,600,31200,19,"D/WB L, DM",England
league-one,Stevenage,Alfie Williams,500,26000,19,AM C,England
league-one,Stevenage,Sam Tinubu,270,14040,17,"D L, DM",England
league-one,Stevenage,Harry Giroud,180,9360,16,ST,England
league-one,Stevenage,Freddie Stanley,180,9360,17,D L,England
league-one,Stevenage,Owen Cochrane,180,9360,17,D R,England
league-one,Stevenage,Harrison Smith,180,9360,17,ST,England
league-one,Stevenage,Jake Watkiss,180,9360,17,AM C,England
league-one,Stevenage,Theo Alexandrou,180,9360,16,"AM RL, ST",England
league-one,Wigan Athletic,Ashley Fletcher,18000,936000,26,"AM RL, ST",England
league-one,Wigan Athletic,Charlie Wyke,12000,624000,29,ST,England
league-one,Wigan Athletic,Ryan Nyambe,8000,416000,24,D RC,Namibia
league-one,Wigan Athletic,Martin Kelly,7400,384800,32,RB,England
league-one,Wigan Athletic,Nathan Broadhead,6900,358800,24,"AM RLC, F C",Wales
league-one,Wigan Athletic,Joe Bennett,6100,317200,32,D/WB L,England
league-one,Wigan Athletic,Ben Amos,5500,286000,32,GK,England
league-one,Wigan Athletic,Jason Kerr,5100,265200,25,D C,Scotland
league-one,Wigan Athletic,Josh Magennis,5100,265200,31,ST,N.Ireland
league-one,Wigan Athletic,Tom Naylor,4600,239200,31,"D C, DM",England
league-one,Wigan Athletic,Callum Lang,4400,228800,23,"AM RL, ST",England
league-one,Wigan Athletic,Max Power,3900,202800,28,"D R, DM",England
league-one,Wigan Athletic,Tom Pearce,3600,187200,24,D/WB L,England
league-one,Wigan Athletic,Sean Clare,3600,187200,25,"D C, DM, M R",England
league-one,Wigan Athletic,Gwion Edwards,3200,166400,29,"WB R, AM RL",Wales
league-one,Wigan Athletic,Jonny Smith,2100,109200,24,AM RL,England
league-one,Wigan Athletic,Rarmani Edmonds-Green,1700,88400,23,D RC,England
league-one,Wigan Athletic,Thelo Aasgaard,1600,83200,20,AM LC,Norway
league-one,Wigan Athletic,Danel Sinani,870,45240,25,AM,Luxembourg
league-one,Wigan Athletic,Scott Smith,770,40040,21,M C,Wales
league-one,Wigan Athletic,James Carragher,760,39520,19,D C,England
league-one,Wigan Athletic,Chris Sze,580,30160,18,AM/F C,England
league-one,Wigan Athletic,Joe Rodwell-Grant,510,26520,19,ST,England
league-one,Wigan Athletic,Abdi Sharif,500,26000,21,"D R, DM",England
league-one,Wigan Athletic,Luke Brennan,490,25480,20,AM RL,England
league-one,Wigan Athletic,Baba Adeeko,490,25480,19,DM,Ireland
league-one,Wigan Athletic,Harry McHugh,430,22360,19,AM C,England
league-one,Wigan Athletic,Charlie Hughes,430,22360,18,D C,England
league-one,Wigan Athletic,Josh Stones,410,21320,18,ST,England
league-one,Wigan Athletic,Kieran Lloyd,400,20800,19,D/WB R,England
league-one,Wigan Athletic,Matthew Wonnacott,380,19760,17,GK,England
league-one,Wigan Athletic,Ethan Mitchell,360,18720,18,"D C, DM",England
league-one,Wigan Athletic,Sam Tickle,320,16640,20,GK,England
league-one,Wigan Athletic,Joe Adams,310,16120,18,M C,England
league-one,Wigan Athletic,Youssef Chentouf,260,13520,18,"AM RL, ST",Morocco
league-one,Wigan Athletic,Dylan Dwyer,250,13000,17,D L,England
league-one,Wigan Athletic,Tom Watson,210,10920,17,GK,England
league-one,Wigan Athletic,Owen Mooney,180,9360,18,GK,England
league-one,Wigan Athletic,Steven Sumner,180,9360,17,D C,England
league-one,Wigan Athletic,Ruben Grewal,180,9360,16,AM C,England
league-one,Wigan Athletic,Nathan Sandison,180,9360,16,AM/F C,England
league-one,Wigan Athletic,Sam Gill,180,9360,16,"D C, M C",England
league-one,Wigan Athletic,Jarma Mohamed,180,9360,16,M C,England
league-one,Wigan Athletic,Jack Reilly,180,9360,18,D R,England
league-one,Wigan Athletic,Harry Rimmer,180,9360,16,M C,England
league-one,Wigan Athletic,Callum Jones,180,9360,16,D R,England
league-one,Wigan Athletic,Kylan Depeiaza,180,9360,16,ST,England
league-one,Wigan Athletic,Kyle Worsley,180,9360,17,ST,England
league-one,Wigan Athletic,Kai Payne,180,9360,17,"D C, DM",England
league-one,Wigan Athletic,Troy Malunda,180,9360,16,DM,England
league-one,Wigan Athletic,Matthew Eckersall,180,9360,16,AM C,England
league-one,Wigan Athletic,Harry Campbell,180,9360,16,GK,England
league-one,Wigan Athletic,Danny Welsby,180,9360,17,ST,England
league-one,Wigan Athletic,Luca Latona,180,9360,18,D/WB L,England
league-one,Wigan Athletic,Eko Solomon,180,9360,16,D/WB/M L,England
league-one,Wigan Athletic,Ewan Hampson,180,9360,16,D L,England
league-one,Wigan Athletic,Kristian Knowles,180,9360,17,AM/F C,England
league-one,Wigan Athletic,Matthew Corran,180,9360,17,GK,England
league-one,Wycombe Wanderers,Alfie Mawson,8500,442000,28,D C,England
league-one,Wycombe Wanderers,Daryl Horgan,5400,280800,29,AM RL,Ireland
league-one,Wycombe Wanderers,Josh Scowen,5100,265200,29,DM,England
league-one,Wycombe Wanderers,Richard Keogh,4700,244400,35,D C,Ireland
league-one,Wycombe Wanderers,Dominic Gape,4400,228800,27,DM,England
league-one,Wycombe Wanderers,Joe Jacobson,4100,213200,35,D LC,Wales
league-one,Wycombe Wanderers,Sullay Kaikai,3600,187200,26,"AM LC, F C",Sierra Leone
league-one,Wycombe Wanderers,Anis Mehmeti,3500,182000,21,AM C,Albania
league-one,Wycombe Wanderers,David Wheeler,3400,176800,31,"DM, M RC",England
league-one,Wycombe Wanderers,Jason McCarthy,3100,161200,26,D/WB R,England
league-one,Wycombe Wanderers,Jack Grimmer,3100,161200,28,D RC,Scotland
league-one,Wycombe Wanderers,Ryan Tafazolli,2700,140400,30,D C,England
league-one,Wycombe Wanderers,Brandon Hanlan,2500,130000,25,ST,England
league-one,Wycombe Wanderers,Garath McCleary,2200,114400,35,AM RLC,Jamaica
league-one,Wycombe Wanderers,Jack Wakely,2100,109200,21,D C,England
league-one,Wycombe Wanderers,Luke Leahy,2000,104000,29,DM,England
league-one,Wycombe Wanderers,Maksymilian Stryjek,1900,98800,25,GK,Poland
league-one,Wycombe Wanderers,Jack Young,1100,57200,21,DM,England
league-one,Wycombe Wanderers,Chris Forino,880,45760,22,D C,England
league-one,Wycombe Wanderers,Ali Al-Hamadi,750,39000,20,ST,Iraq
league-one,Wycombe Wanderers,Charles Hagan,680,35360,20,"AM R, ST",England
league-one,Wycombe Wanderers,Tjay De Barr,660,34320,22,"AM R, ST",Gibraltar
league-one,Wycombe Wanderers,Jasper Pattenden,610,31720,20,AM L,England
league-one,Wycombe Wanderers,Sam Vokes,600,31200,32,ST,Wales
league-one,Wycombe Wanderers,Adam Leathers,600,31200,20,M C,England
league-one,Wycombe Wanderers,Ben Kaninda,590,30680,18,D C,England
league-one,Wycombe Wanderers,Antoine Makoli,500,26000,19,D R,England
league-one,Wycombe Wanderers,Tyla Dickinson,460,23920,21,GK,England
league-one,Wycombe Wanderers,Arnold Matshazi,450,23400,18,AM R,England
league-one,Wycombe Wanderers,Luca Woodhouse,440,22880,17,M C,England
league-one,Wycombe Wanderers,Christie Ward,430,22360,18,AM R,England
league-one,Wycombe Wanderers,Josh Blunkell,360,18720,18,GK,England
